{"cameraMode":{"drawMode":0,"name":"Shaded","section":"Shading Mode"},"sceneLighting":true,"audioPlay":false,"sceneViewState":{"showFog":false,"showMaterialUpdate":false,"showSkybox":false,"showFlares":false,"showImageEffects":false,"showParticleSystems":false},"in2DMode":false,"pivot":{"x":9.895533561706543,"y":7.813305377960205,"z":-20.153453826904298},"rotation":{"x":0.18418240547180177,"y":-0.30478307604789736,"z":0.06019844487309456,"w":0.9325021505355835},"size":2.8916916847229006,"orthographic":false}