{"cameraMode":{"drawMode":0,"name":"Shaded","section":"Shading Mode"},"sceneLighting":false,"audioPlay":false,"sceneViewState":{"showFog":false,"showMaterialUpdate":false,"showSkybox":false,"showFlares":false,"showImageEffects":false,"showParticleSystems":false},"in2DMode":false,"pivot":{"x":2.1700000762939455,"y":3.9000000953674318,"z":-11.949999809265137},"rotation":{"x":0.41024887561798098,"y":0.032001230865716937,"z":-0.014406558126211167,"w":0.9112981557846069},"size":2.8578836917877199,"orthographic":false}