{"cameraMode":{"drawMode":0,"name":"Shaded","section":"Shading Mode"},"sceneLighting":false,"audioPlay":false,"sceneViewState":{"showFog":false,"showMaterialUpdate":false,"showSkybox":false,"showFlares":false,"showImageEffects":false,"showParticleSystems":false},"in2DMode":false,"pivot":{"x":2.1700000762939455,"y":3.9000000953674318,"z":-11.949999809265137},"rotation":{"x":0.16607408225536347,"y":-0.21494941413402558,"z":0.03711921349167824,"w":0.9616851806640625},"size":2.8578836917877199,"orthographic":false}