{"cameraMode":{"drawMode":0,"name":"Shaded","section":"Shading Mode"},"sceneLighting":false,"audioPlay":false,"sceneViewState":{"showFog":false,"showMaterialUpdate":false,"showSkybox":false,"showFlares":false,"showImageEffects":false,"showParticleSystems":false},"in2DMode":false,"pivot":{"x":-5.792840480804443,"y":0.21777057647705079,"z":15.507272720336914},"rotation":{"x":0.06271880120038986,"y":-0.0876111313700676,"z":0.005527475383132696,"w":0.9941630363464356},"size":38.64955139160156,"orthographic":false}